Query.Mass,Matched.Compound,Matched.Form,Mass.Diff
209.04516,C00345,M-HCOONa+H[1+],0.000683533229960176
199.00067,C00322,M+K[1+],0.000693533229991772
199.00067,C06055,M-NH3+H[1+],0.000393533230010235
232.05915,C16591,M+Na[1+],0.00107353322997028
148.99822,C00186,M+NaCl[1+],0.000643533230004323
148.99822,C00577,M+NaCl[1+],0.000643533230004323
148.99822,C01013,M+NaCl[1+],0.000643533230004323
148.99822,C00184,M+NaCl[1+],0.000643533230004323
148.99822,C00256,M+NaCl[1+],0.000643533230004323
221.0665,C00835,M-NH3+H[1+],0.00047646677001012
221.0665,C03684,M-NH3+H[1+],0.00047646677001012
221.0665,C16741,M+NaCl[1+],0.000223533229984696
241.11899,C00449,M-H4O2+H[1+],0.00081353323000144
149.02675,C01180,M+H[1+],7.35332299939273e-05
152.99473,C00111,M-H2O+H[1+],5.35332300160007e-05
152.99473,C00118,M-H2O+H[1+],5.35332300160007e-05
172.0969,C03758,M+H2O+H[1+],2.35332299780566e-05
96.96827,C00074,M-C3H4O2+H[1+],0.000306466769998792
145.08579,C01035,M[1+],0.000689999999991642
145.08579,C01107,M-HCOOK+H[1+],8.64667700000155e-05
116.07041,C00077,M-NH3+H[1+],0.000266466770000306
116.07041,C00148,M+H[1+],0.000166466769996987
116.07041,C00763,M+H[1+],0.000166466769996987
116.07041,C00515,M-NH3+H[1+],0.000266466770000306
116.07041,C00956,M-HCOOH+H[1+],0.000266466770000306
224.09256,C01132,M(S34)+H[1+],0.000416466770019497
224.09256,C00140,M(S34)+H[1+],0.000416466770019497
224.09256,C00645,M(S34)+H[1+],0.000416466770019497
224.09256,C05660,M+H2O+H[1+],0.000783533229963496
176.05562,C01042,M+H[1+],0.000243533229991044
176.05562,C14871,M(C13)+2H[2+],0.000556466770007091
176.05562,C02220,M+H2O+H[1+],0.000243533229991044
82.95267,C00011,M+K[1+],9.35332300002756e-05
116.07009,C00148,M+H[1+],0.000486466769999083
116.07009,C00763,M+H[1+],0.000486466769999083
144.04438,C05637,M-H2O+H[1+],3.53323000013006e-06
144.04438,C05639,M-H2O+H[1+],3.53323000013006e-06
144.04438,C14800,M-HCOOH+H[1+],9.64667700031896e-05
144.04438,C14802,M-HCOOH+H[1+],9.64667700031896e-05
194.08107,C16587,M+H[1+],0.000106466770006364
194.08107,C16595,M+H[1+],0.000106466770006364
194.08107,C07481,M[1+],0.000670000000013715
194.08107,C00954,M+H2O+H[1+],0.000106466770006364
194.08107,C05634,M+H2O+H[1+],0.000106466770006364
259.24311,C00249,M(S34)+H[1+],0.000166466769996987
259.24311,C00219,M-HCOOH+H[1+],0.00103353322998601
259.24311,C00473,M-CO+H[1+],0.00113353323001775
259.24311,C00899,M-CO+H[1+],0.00113353323001775
259.24311,C16682,M-CO+H[1+],0.00113353323001775
259.24311,C06428,M-CO2+H[1+],0.00103353322998601
96.95879,C05528,M-C3H4O2+H[1+],0.000286466770006655
130.06508,C15522,M(C13)+2H[2+],9.64667700031896e-05
130.06508,C00079,M-H4O2+H[1+],3.53322997170835e-06
130.06508,C00954,M-HCOOH+H[1+],9.64667700031896e-05
130.06508,C05634,M-HCOOH+H[1+],9.64667700031896e-05
130.06508,C14040,M-CO2+H[1+],9.64667700031896e-05
88.03894,C02218,M+H[1+],0.000336466769994104
88.03894,C00049,M-HCOOH+H[1+],0.000436466769983213
88.03894,C00402,M-HCOOH+H[1+],0.000436466769983213
88.03894,C02362,M-CO2+H[1+],0.000436466769983213
88.03894,C00065,M-H2O+H[1+],0.000336466769994104
88.03894,C00740,M-H2O+H[1+],0.000336466769994104
88.03894,C00439,M+2H[2+],0.000386466769995764
88.03894,C05840,M-CO2+H[1+],0.000436466769983213
174.05525,C14040,M+H[1+],0.000273533230000567
174.05525,C05635,M-H2O+H[1+],0.000373533230003886
174.05525,C16591,M-H4O2+H[1+],0.000373533229975465
174.05525,C16596,M-H2O+H[1+],0.000373533230003886
144.04442,C05637,M-H2O+H[1+],4.35332300128266e-05
144.04442,C05639,M-H2O+H[1+],4.35332300128266e-05
144.04442,C14800,M-HCOOH+H[1+],5.6466769990493e-05
144.04442,C14802,M-HCOOH+H[1+],5.6466769990493e-05
170.03079,C07648,M(Cl37)+H[1+],0.000286466770006655
103.03878,C00232,M+H[1+],0.000196466769992298
103.03878,C00109,M+H[1+],0.000196466769992298
103.03878,C00188,M-NH3+H[1+],0.000196466769992298
103.03878,C00164,M+H[1+],0.000196466769992298
103.03878,C00349,M+H[1+],0.000196466769992298
103.03878,C06002,M+H[1+],0.000196466769992298
103.03878,C00197,M-HCOOK+H[1+],9.64667699889787e-05
103.03878,C00631,M-HCOOK+H[1+],9.64667699889787e-05
103.03878,C00026,M-CO2+H[1+],0.000196466769992298
103.03878,C02266,M-HCOOH+H[1+],0.000296466769995618
103.03878,C02630,M-HCOOH+H[1+],0.000296466769995618
190.0503,C14800,M+H[1+],0.000423533229991335
190.0503,C14802,M+H[1+],0.000423533229991335
190.0503,C01252,M-H2O+H[1+],0.000423533229991335
190.0503,C14801,M-H2O+H[1+],0.000423533229991335
101.0594711,C00719,M-NH3+H[1+],0.000305366769993043
101.0594711,C00183,M-NH3+H[1+],0.000305366769993043
265.09315,C00130,M-HCOOK+H[1+],7.35332299655056e-05
101.02304,C03508,M-NH3+H[1+],0.000336466769994104
101.02304,C00026,M-HCOOH+H[1+],0.000336466769994104
101.02304,C00042,M-H2O+H[1+],0.000236466770004995
101.02304,C02170,M-H2O+H[1+],0.000236466770004995
101.02304,C03232,M-HCOOK+H[1+],0.000236466770019206
101.02304,C01036,M+2H[2+],0.000286466770006655
101.02304,C01061,M+2H[2+],0.000286466770006655
259.14532,C03461,M+K[1+],0.000156466769965391
151.02517,C22500,M-NH3+H[1+],9.35332300002756e-05
151.02517,C00366,M-H2O+H[1+],0.000193533230003595
115.07522,C00123,M-NH3+H[1+],0.000156466770008024
115.07522,C00407,M-NH3+H[1+],0.000156466770008024
89.02294,C00022,M+H[1+],0.000336466769994104
89.02294,C00222,M+H[1+],0.000336466769994104
89.02294,C00065,M-NH3+H[1+],0.000436466769983213
89.02294,C00740,M-NH3+H[1+],0.000436466769983213
89.02294,C00036,M-CO2+H[1+],0.000436466769983213
89.02294,C00122,M-CO+H[1+],0.000336466769979893
89.02294,C00149,M-HCOOH+H[1+],0.000436466769983213
89.02294,C00258,M-H2O+H[1+],0.000336466769994104
89.02294,C02670,M+2H[2+],0.000386466769995764
89.02294,C00322,M-C3H4O2+H[1+],0.000436466769997423
243.17139,C03461,M+Na[1+],0.000586466770016614
180.06572,C00355,M-H2O+H[1+],0.000243533229991044
180.06572,C01252,M-CO+H[1+],0.000243533229991044
180.06572,C05637,M+H2O+H[1+],0.000143533229987725
180.06572,C05639,M+H2O+H[1+],0.000143533229987725
180.06572,C05645,M-CO2+H[1+],0.000143533229987725
180.06572,C14801,M-CO+H[1+],0.000243533229991044
215.09194,C01149,M+HCOOK[1+],0.000163533229994073
99.0074,C00122,M-H2O+H[1+],0.00027646676998927
99.0074,C00149,M-H4O2+H[1+],0.000176466770000161
147.04402,C00672,M-HCOONa+H[1+],5.64667700473365e-05
147.04402,C00673,M-HCOONa+H[1+],5.64667700473365e-05
147.04402,C05582,M-H4O2+H[1+],4.35332299844049e-05
147.04402,C05583,M-H4O2+H[1+],4.35332299844049e-05
147.04402,C00166,M-H2O+H[1+],4.35332299844049e-05
147.04402,C02763,M-H2O+H[1+],4.35332299844049e-05
150.05489,C05578,M+H[1+],8.64667700000155e-05
150.05489,C00822,M-HCOOH+H[1+],0.000186466770003335
150.05489,C01693,M-CO2+H[1+],8.64667700000155e-05
150.05489,C04185,M-CO2+H[1+],8.64667700000155e-05
150.05489,C00250,M-H2O+H[1+],1.35332300033042e-05
209.05298,C05828,M+HCOONa[1+],0.000296466770009829
233.08181,C06213,M+NaCl[1+],0.00023353322998787
147.06468,C00117,M-HCOOK+H[1+],0.000496466770016468
147.06468,C00199,M-HCOOK+H[1+],0.000496466770016468
147.06468,C00231,M-HCOOK+H[1+],0.000496466770016468
147.06468,C00620,M-HCOOK+H[1+],0.000496466770016468
147.06468,C00794,M-H4O2+H[1+],0.000396466770013149
147.06468,C01019,M-H2O+H[1+],0.000496466769988047
147.06468,C01697,M-H4O2+H[1+],0.000396466770013149
179.10685,C16633,M-HCOOK+H[1+],0.000773533230017165
264.1071,C00270,M-HCOOH+H[1+],0.000776466769991657
264.1071,C00272,M+Na[1+],0.000323533229959594
261.16109,C00621,M-HCOOK+H[1+],0.000262676770034886
261.16109,C06081,M+K[1+],5.19207699767321e-05
244.13032,C21016,M-HCOOH+H[1+],0.00104353322998918
244.13032,C19577,M+H2O+H[1+],0.0011435332299925
244.13032,C19580,M+H2O+H[1+],0.0011435332299925
168.0657,C00250,M+H[1+],0.000223533229984696
168.0657,C00822,M-CO+H[1+],0.000223533229984696
168.0657,C05578,M+H2O+H[1+],0.000123533229981376
206.04549,C05645,M-H2O+H[1+],0.00071353322999812
167.02036,C12248,M-H4O2+H[1+],0.000483533229981958
145.06473,C14786,M+H[1+],4.64667700157406e-05
145.06473,C14787,M+H[1+],4.64667700157406e-05
145.06473,C06205,M-H2O+H[1+],4.64667699873189e-05
115.07521,C00123,M-NH3+H[1+],0.000166466770011198
115.07521,C00407,M-NH3+H[1+],0.000166466770011198
250.03245,C20239,M+K[1+],0.000826466770007528
123.04399,C00544,M-HCOOH+H[1+],0.000186466770003335
123.04399,C01161,M-HCOOH+H[1+],0.000186466770003335
123.04399,C05577,M-HCOOH+H[1+],0.000186466770003335
181.04996,C00198,M(S34)+H[1+],0.000816466770004354
181.04996,C01040,M(S34)+H[1+],0.000816466770004354
181.04996,C01179,M+H[1+],0.000383533229978639
181.04996,C00355,M-NH3+H[1+],0.000383533229978639
181.04996,C05350,M+H[1+],0.000383533229978639
181.04996,C05584,M-H2O+H[1+],0.00048353323001038
144.06541,C00624,M-HCOOH+H[1+],0.000166466769996987
144.06541,C00956,M-H2O+H[1+],6.64667699936672e-05
144.06541,C03287,M-HCOOK+H[1+],6.64667699936672e-05
144.06541,C00329,M-H4O2+H[1+],6.64667699936672e-05
219.08694,C05401,M-H4O2+H[1+],0.000663533229982249
128.03415,C00940,M-H2O+H[1+],2.64667699809706e-05
128.03415,C05947,M-H4O2+H[1+],2.64667700093923e-05
148.03942,C05579,M+H[1+],0.000143533229987725
148.03942,C01693,M-HCOOH+H[1+],4.35332300128266e-05
148.03942,C04185,M-HCOOH+H[1+],4.35332300128266e-05
148.03942,C17938,M-CO2+H[1+],4.35332300128266e-05
148.03942,C05653,M-H2O+H[1+],0.000143533230016146
148.03942,C00847,M-H4O2+H[1+],0.000143533229987725
148.03942,C06055,M-HCOONa+H[1+],4.35332299844049e-05
146.02363,C17938,M-HCOOH+H[1+],0.000146466769990639
165.05487,C00082,M-NH3+H[1+],0.000193533229975174
165.05487,C00166,M+H[1+],0.000293533229978493
165.05487,C02763,M+H[1+],0.000293533229978493
165.05487,C01068,M-HCOONa+H[1+],0.000193533230003595
165.05487,C05582,M-H2O+H[1+],0.000293533230006915
165.05487,C05583,M-H2O+H[1+],0.000293533230006915
152.99465,C00111,M-H2O+H[1+],2.64667699809706e-05
152.99465,C00118,M-H2O+H[1+],2.64667699809706e-05
129.05462,C04076,M-NH3+H[1+],5.64667700189148e-05
129.05462,C02946,M-NH3+H[1+],5.64667700189148e-05
129.05462,C01019,M-H4O2+H[1+],4.35332299844049e-05
130.08627,C00047,M-NH3+H[1+],6.46677000304408e-06
130.08627,C00408,M+H[1+],6.46677000304408e-06
130.08627,C05936,M+H[1+],6.46677000304408e-06
197.04514,C00191,M(S34)+H[1+],0.000636466770004063
197.04514,C00618,M(S34)+H[1+],0.000636466770004063
222.07673,C07501,M-NH3+H[1+],0.000553533229975756
222.07673,C00331,M+H2O+H[1+],0.000653533229979075
127.0001,C01146,M+Na[1+],0.00017646676998595
127.0001,C00383,M+Na[1+],0.00017646676998595
127.0001,C00168,M+Na[1+],0.00017646676998595
73.02806,C00546,M+H[1+],0.000316466770001966
73.02806,C00186,M-H2O+H[1+],0.000316466770001966
73.02806,C00577,M-H2O+H[1+],0.000316466770001966
73.02806,C01013,M-H2O+H[1+],0.000316466770001966
73.02806,C00184,M-H2O+H[1+],0.000316466770001966
73.02806,C00256,M-H2O+H[1+],0.000316466770001966
73.02806,C00988,M-HCOOK+H[1+],0.000316466770016177
193.04976,C16591,M-NH3+H[1+],0.000183533229971999
193.04976,C00103,M-HCOONa+H[1+],0.000183533229971999
193.04976,C00668,M-HCOONa+H[1+],0.000183533229971999
193.04976,C01172,M-HCOONa+H[1+],0.000183533229971999
193.04976,C00275,M-HCOONa+H[1+],0.000183533229971999
193.04976,C00636,M-HCOONa+H[1+],0.000183533229971999
193.04976,C01094,M-HCOONa+H[1+],0.000183533229971999
193.04976,C00085,M-HCOONa+H[1+],0.000183533229971999
193.04976,C00446,M-HCOONa+H[1+],0.000183533229971999
193.04976,C01097,M-HCOONa+H[1+],0.000183533229971999
193.04976,C00092,M-HCOONa+H[1+],0.000183533229971999
193.04976,C03862,M-HCOONa+H[1+],0.000165007229952607
193.04976,C04006,M-HCOONa+H[1+],0.000183533229971999
193.04976,C01177,M-HCOONa+H[1+],0.000183533229971999
193.04976,C03546,M-HCOONa+H[1+],0.000183533229971999
212.97893,C00417,M+K[1+],0.00024646677002238
239.07689,C04874,M-NH3+H[1+],0.000686466770019933
239.07689,C01762,M-HCOOH+H[1+],0.000686466769991512
121.02839,C00108,M-NH3+H[1+],8.64667699858046e-05
121.02839,C00156,M-H2O+H[1+],1.35332300033042e-05
121.02839,C05585,M-H2O+H[1+],1.35332300033042e-05
192.06579,C00328,M-NH3+H[1+],0.000213533229981522
192.06579,C05635,M+H[1+],0.000313533229984841
192.06579,C05647,M-NH3+H[1+],0.000213533229981522
192.06579,C16596,M+H[1+],0.000313533229984841
192.06579,C00352,M-HCOONa+H[1+],0.0002135332299531
192.06579,C14040,M+H2O+H[1+],0.000213533229981522
192.06579,C16591,M-H2O+H[1+],0.000313533229984841
245.08272,C06800,M-HCOONa+H[1+],0.000556466770035513
194.08956,C05127,M+HCOONa[1+],0.000416466769991075
264.08819,C00360,M-HCOONa+H[1+],0.000113533229978202
193.05004,C16591,M-NH3+H[1+],0.00046353322997561
193.05004,C00103,M-HCOONa+H[1+],0.00046353322997561
193.05004,C00668,M-HCOONa+H[1+],0.00046353322997561
193.05004,C01172,M-HCOONa+H[1+],0.00046353322997561
193.05004,C00275,M-HCOONa+H[1+],0.00046353322997561
193.05004,C00636,M-HCOONa+H[1+],0.00046353322997561
193.05004,C01094,M-HCOONa+H[1+],0.00046353322997561
193.05004,C00085,M-HCOONa+H[1+],0.00046353322997561
193.05004,C00446,M-HCOONa+H[1+],0.00046353322997561
193.05004,C01097,M-HCOONa+H[1+],0.00046353322997561
193.05004,C00092,M-HCOONa+H[1+],0.00046353322997561
193.05004,C03862,M-HCOONa+H[1+],0.000445007229956218
193.05004,C04006,M-HCOONa+H[1+],0.00046353322997561
193.05004,C01177,M-HCOONa+H[1+],0.00046353322997561
193.05004,C03546,M-HCOONa+H[1+],0.00046353322997561
269.05682,C16238,M(C13)+2H[2+],0.000156466770022234
223.09726,C00670,M-H4O2+H[1+],0.0005835332300137
209.0662,C16365,M-H2O+H[1+],0.000676466769988338
223.09718,C00670,M-H4O2+H[1+],0.000503533230016728
124.03917,C05828,M-NH3+H[1+],0.000206466770009683
124.03917,C00253,M+H[1+],0.000106466769992153
124.03917,C07446,M+H[1+],0.000106466769992153
124.03917,C00822,M-C3H4O2+H[1+],0.000206466769995473
124.03917,C03722,M-CO2+H[1+],0.000206466769981262
124.03917,C03824,M-H2O+H[1+],0.000106466769992153
135.03016,C00242,M-NH3+H[1+],1.64667700062182e-05
135.03016,C22499,M-NH3+H[1+],1.64667700062182e-05
135.03016,C00385,M-H2O+H[1+],8.35332299971014e-05
135.03016,C16241,M-C3H4O2+H[1+],0.000483533229981958
108.04414,C05827,M-NH3+H[1+],0.000336466769994104
108.04414,C00632,M-HCOOH+H[1+],0.000336466769979893
121.02833,C00108,M-NH3+H[1+],0.000146466769990639
121.02833,C00156,M-H2O+H[1+],4.64667700015298e-05
121.02833,C05585,M-H2O+H[1+],4.64667700015298e-05
132.06557,C00430,M+H[1+],9.35332300002756e-05
132.06557,C01110,M+H[1+],9.35332300002756e-05
132.06557,C01157,M+H[1+],9.35332300002756e-05
132.06557,C01165,M+H[1+],9.35332300002756e-05
132.06557,C05147,M+H[1+],9.35332300002756e-05
132.06557,C03440,M+H[1+],9.35332300002756e-05
132.06557,C01042,M-CO2+H[1+],6.46677000304408e-06
132.06557,C03912,M+H2O+H[1+],6.46677000304408e-06
132.06557,C03564,M+H2O+H[1+],6.46677000304408e-06
132.06557,C06055,M-HCOOK+H[1+],9.35332300002756e-05
160.03952,C03287,M-HCOONa+H[1+],0.000143533229987725
160.03952,C00822,M-H4O2+H[1+],0.000243533229991044
267.12169,C00378,M(C13)+H[1+],0.00128646677001143
142.05001,C03824,M+H[1+],0.00013353322998455
142.05001,C04409,M-CO2+H[1+],0.00013353322998455
142.05001,C00253,M+H2O+H[1+],0.00013353322998455
142.05001,C07446,M+H2O+H[1+],0.00013353322998455
265.07175,C06196,M-HCOONa+H[1+],0.000326466770047773
175.09657,C00327,M[1+],0.000870000000020354
118.04982,C03508,M+H[1+],5.6466769990493e-05
118.04982,C00624,M-C3H4O2+H[1+],5.64667700047039e-05
118.04982,C00940,M-CO+H[1+],4.35332300128266e-05
118.04982,C05947,M-HCOOH+H[1+],0.000156466769993813
118.04982,C01044,M-CO2+H[1+],5.6466769990493e-05
267.12398,C00378,M(C13)+H[1+],0.0010035332300049
121.02836,C00108,M-NH3+H[1+],0.000116466769981116
121.02836,C00156,M-H2O+H[1+],1.64667699920074e-05
121.02836,C05585,M-H2O+H[1+],1.64667699920074e-05
136.07561,C00082,M-HCOOH+H[1+],0.000166466769996987
136.07561,C03758,M-H2O+H[1+],6.64667699936672e-05
245.09295,C00214,M(S34)+H[1+],0.000426466770022671
224.05613,C05645,M+H[1+],0.000753533229982395
188.07094,C00078,M-NH3+H[1+],0.000263533229997392
188.07094,C05660,M-H2O+H[1+],0.000363533230000712
113.02315,C04281,M-NH3+H[1+],0.00022646676998761
113.02315,C02237,M-NH3+H[1+],0.00022646676998761
113.02315,C04282,M-NH3+H[1+],0.00022646676998761
113.02315,C01879,M-NH3+H[1+],0.00022646676998761
113.02315,C02266,M-H4O2+H[1+],0.000126466770012712
113.02315,C05580,M-C3H4O2+H[1+],0.000226466770001821
113.02315,C02630,M-H4O2+H[1+],0.000126466770012712
113.02315,C01185,M+3H[3+],0.000259800103336261
223.01418,C00166,M+NaCl[1+],0.0010035332300049
223.01418,C02763,M+NaCl[1+],0.0010035332300049
99.0438,C00148,M-NH3+H[1+],0.00027646676998927
99.0438,C00763,M-NH3+H[1+],0.00027646676998927
99.0438,C01801,M-H4O2+H[1+],0.00017646676998595
99.0438,C00141,M-H2O+H[1+],0.000176466770000161
99.0438,C05576,M-C3H4O2+H[1+],0.000276466769975059
176.03442,C01693,M-H2O+H[1+],0.000243533230019466
176.03442,C04185,M-H2O+H[1+],0.000243533230019466
176.03442,C02918,M+K[1+],0.000143533230016146
125.05969,C00544,M-CO2+H[1+],8.64667700000155e-05
125.05969,C00642,M-CO+H[1+],0.000113533230006624
125.05969,C01161,M-CO2+H[1+],8.64667700000155e-05
125.05969,C04043,M-CO+H[1+],0.000113533230006624
125.05969,C05576,M-HCOOH+H[1+],8.64667699715937e-05
125.05969,C05577,M-CO2+H[1+],8.64667700000155e-05
125.05969,C05852,M-CO+H[1+],0.000113533230006624
192.06584,C00624,M(S34)+H[1+],0.000936466770014022
192.06584,C00328,M-NH3+H[1+],0.000263533229997392
192.06584,C05635,M+H[1+],0.000363533230000712
192.06584,C05647,M-NH3+H[1+],0.000263533229997392
192.06584,C16596,M+H[1+],0.000363533230000712
192.06584,C00352,M-HCOONa+H[1+],0.000263533229968971
192.06584,C14040,M+H2O+H[1+],0.000263533229997392
192.06584,C16591,M-H2O+H[1+],0.000363533230000712
186.11263,C05475,M+H+Na[2+],0.000696466769994686
186.11263,C05478,M+H+Na[2+],0.000696466769994686
186.11263,C05487,M+H+Na[2+],0.000696466769994686
186.11263,C05587,M+H2O+H[1+],0.000153533229962477
152.99472,C00111,M-H2O+H[1+],4.35332300128266e-05
152.99472,C00118,M-H2O+H[1+],4.35332300128266e-05
179.05532,C00198,M+H[1+],0.000343533229994364
179.05532,C01040,M+H[1+],0.000343533229994364
179.05532,C00257,M-H2O+H[1+],0.000343533229994364
179.05532,C00800,M-H2O+H[1+],0.000343533229994364
179.05532,C00322,M+H2O+H[1+],0.000243533229962622
179.05532,C16241,M-CO+H[1+],0.000456466770003772
110.02363,C00178,M-NH3+H[1+],4.64667700015298e-05
110.02363,C02835,M-NH3+H[1+],4.64667700015298e-05
110.02363,C00940,M-H4O2+H[1+],5.35332300017899e-05
214.07005,C00822,M+H2O+H[1+],0.00102646677001417
119.04906,C03765,M-H2O+H[1+],1.64667700062182e-05
119.04906,C00166,M-HCOOH+H[1+],0.000116466769995327
119.04906,C02763,M-HCOOH+H[1+],0.000116466769995327
119.04906,C07086,M-H2O+H[1+],1.64667700062182e-05
133.01304,C00036,M+H[1+],0.000136466770015886
133.01304,C05924,M(C13)+3H[3+],0.000596866563341791
239.1285,C11061,M+2H[2+],0.000723533230001294
201.07636,C00487,M+K[1+],0.000583533229985278
201.07636,C05582,M+H2O+H[1+],0.000583533229985278
201.07636,C05583,M+H2O+H[1+],0.000583533229985278
122.05993,C05578,M-CO+H[1+],4.64667699873189e-05
122.05993,C05653,M-CO2+H[1+],0.000146466769990639
122.05993,C00250,M-HCOOH+H[1+],0.000146466769990639
122.05993,C16587,M-C3H4O2+H[1+],0.000146466770004849
122.05993,C16595,M-C3H4O2+H[1+],0.000146466770004849
162.05494,C05637,M+H[1+],3.64667700125665e-05
162.05494,C05639,M+H[1+],3.64667700125665e-05
162.05494,C03090,M-HCOONa+H[1+],3.64667700409882e-05
162.05494,C00355,M-H4O2+H[1+],6.35332299623315e-05
162.05494,C01252,M-HCOOH+H[1+],0.000136466770015886
162.05494,C14800,M-CO+H[1+],6.35332299907532e-05
162.05494,C14801,M-HCOOH+H[1+],0.000136466770015886
162.05494,C14802,M-CO+H[1+],6.35332299907532e-05
127.00014,C01146,M+Na[1+],0.000136466769987464
127.00014,C00383,M+Na[1+],0.000136466769987464
127.00014,C00168,M+Na[1+],0.000136466769987464
128.04947,C14040,M-HCOOH+H[1+],0.000106466769977942
204.06633,C00331,M+H[1+],0.000853533229985715
204.06633,C00643,M-NH3+H[1+],0.000753533229982395
177.03944,C02670,M+H[1+],6.35332299907532e-05
177.03944,C00191,M-H2O+H[1+],6.35332300191749e-05
177.03944,C00618,M-H2O+H[1+],6.35332300191749e-05
196.04879,C00388,M+HCOOK[1+],0.0006135332299948
206.08171,C05660,M+H[1+],0.000533533229969407
118.02141,C00122,M(C13)+H[1+],0.000266466769986096
138.05509,C00108,M+H[1+],0.000113533230006624
138.05509,C05653,M-CO+H[1+],0.000213533230009944
138.05509,C00847,M-HCOOH+H[1+],1.35332300033042e-05
138.05509,C16591,M-C3H4O2+H[1+],0.000113533229978202
256.08273,C05841,M[1+],0.000630000000001019
199.06066,C00257,M(S34)+H[1+],0.000716466770001034
199.06066,C00800,M(S34)+H[1+],0.000716466770001034
199.06066,C05584,M+H[1+],0.0005835332300137
199.06066,C01179,M+H2O+H[1+],0.000483533229981958
199.06066,C05350,M+H2O+H[1+],0.000483533229981958
193.04996,C16591,M-NH3+H[1+],0.000383533229978639
193.04996,C00103,M-HCOONa+H[1+],0.000383533229978639
193.04996,C00668,M-HCOONa+H[1+],0.000383533229978639
193.04996,C01172,M-HCOONa+H[1+],0.000383533229978639
193.04996,C00275,M-HCOONa+H[1+],0.000383533229978639
193.04996,C00636,M-HCOONa+H[1+],0.000383533229978639
193.04996,C01094,M-HCOONa+H[1+],0.000383533229978639
193.04996,C00085,M-HCOONa+H[1+],0.000383533229978639
193.04996,C00446,M-HCOONa+H[1+],0.000383533229978639
193.04996,C01097,M-HCOONa+H[1+],0.000383533229978639
193.04996,C00092,M-HCOONa+H[1+],0.000383533229978639
193.04996,C03862,M-HCOONa+H[1+],0.000365007229959247
193.04996,C04006,M-HCOONa+H[1+],0.000383533229978639
193.04996,C01177,M-HCOONa+H[1+],0.000383533229978639
193.04996,C03546,M-HCOONa+H[1+],0.000383533229978639
114.05485,C03912,M+H[1+],0.000126466769998501
114.05485,C03564,M+H[1+],0.000126466769998501
114.05485,C00430,M-H2O+H[1+],2.64667699951815e-05
114.05485,C01110,M-H2O+H[1+],2.64667699951815e-05
114.05485,C01157,M-H2O+H[1+],2.64667699951815e-05
114.05485,C01165,M-H2O+H[1+],2.64667699951815e-05
114.05485,C05147,M-H2O+H[1+],2.64667699951815e-05
114.05485,C02220,M-CO2+H[1+],0.00012646676998429
114.05485,C03824,M-CO+H[1+],2.64667699809706e-05
114.05485,C03440,M-H2O+H[1+],2.64667699951815e-05
114.05485,C00931,M+2H[2+],0.000126466769998501
271.02031,C05699,M+H[1+],0.0011335332299609
257.10304,C05401,M(S34)+H[1+],0.000236466769990784
144.0443832,C05637,M-H2O+H[1+],6.73323000910386e-06
144.0443832,C05639,M-H2O+H[1+],6.73323000910386e-06
144.0443832,C14800,M-HCOOH+H[1+],9.32667699942158e-05
144.0443832,C14802,M-HCOOH+H[1+],9.32667699942158e-05
254.10338,C07535,M(C13)+H[1+],0.00119646677001128
258.03853,C14800,M+HCOONa[1+],0.00125353322999899
258.03853,C14802,M+HCOONa[1+],0.00125353322999899
119.03373,C00042,M+H[1+],0.000146466769990639
119.03373,C02170,M+H[1+],0.000146466769990639
119.03373,C00026,M-CO+H[1+],4.64667699873189e-05
119.03373,C05946,M-CO2+H[1+],0.000146466769990639
119.03373,C01127,M-CO2+H[1+],0.000146466769990639
136.03928,C05842,M-NH3+H[1+],9.64667700316113e-05
136.03928,C05843,M-NH3+H[1+],9.64667700316113e-05
136.03928,C00632,M-H2O+H[1+],3.53323000013006e-06
136.03928,C01252,M-C3H4O2+H[1+],9.64667700316113e-05
136.03928,C14801,M-C3H4O2+H[1+],9.64667700316113e-05
216.09839,C00475,M-CO+H[1+],0.0006135332299948
80.96383,C00059,M-H2O+H[1+],0.000246466769993958
80.96383,C05527,M-C3H4O2+H[1+],0.000246466769993958
122.02356,C00785,M-NH3+H[1+],0.000116466769995327
122.02356,C01693,M-C3H4O2+H[1+],0.000116466769981116
122.02356,C04185,M-C3H4O2+H[1+],0.000116466769981116
122.02356,C02220,M-H4O2+H[1+],1.64667699920074e-05
122.02356,C03722,M-HCOOH+H[1+],0.000216466769970225
199.06049,C00257,M(S34)+H[1+],0.000886466770026573
199.06049,C00800,M(S34)+H[1+],0.000886466770026573
199.06049,C05584,M+H[1+],0.000413533229988161
199.06049,C01179,M+H2O+H[1+],0.00031353322995642
199.06049,C05350,M+H2O+H[1+],0.00031353322995642
239.1287,C11061,M+2H[2+],0.000923533230007934
204.05086,C01035,M+NaCl[1+],0.000116466770009538
204.05086,C04409,M+H2O+H[1+],0.000583533229985278
131.0701,C00233,M+H[1+],0.000176466770000161
131.0701,C00671,M+H[1+],0.000176466770000161
131.0701,C00672,M-HCOOK+H[1+],7.6466770025263e-05
131.0701,C00673,M-HCOOK+H[1+],7.6466770025263e-05
131.0701,C00300,M[1+],0.000599999999991496
131.0701,C00418,M-H2O+H[1+],0.000176466770000161
229.09804,C00931,M(S34)+H[1+],0.000436466770025845
229.09804,C05642,M-H4O2+H[1+],0.000963533229992208
135.04398,C01179,M-HCOOH+H[1+],0.000196466770006509
135.04398,C00642,M-H2O+H[1+],3.53323000013006e-06
135.04398,C04043,M-H2O+H[1+],3.53323000013006e-06
135.04398,C05350,M-HCOOH+H[1+],0.000196466770006509
135.04398,C05576,M-H4O2+H[1+],3.53323000013006e-06
135.04398,C05852,M-H2O+H[1+],3.53323000013006e-06
196.0609,C00822,M+H[1+],0.000423533229991335
196.0609,C05645,M-CO+H[1+],0.000523533229994655
255.08864,C05512,M(S34)+H[1+],0.000336466770022525
261.16002,C06081,M+K[1+],0.00112192077000373
164.0707,C05636,M-NH3+H[1+],2.35332299780566e-05
164.0707,C05638,M-NH3+H[1+],2.35332299780566e-05
164.0707,C00082,M-H2O+H[1+],0.000123533229981376
164.0707,C01252,M-CO2+H[1+],2.35332299780566e-05
164.0707,C05635,M-CO+H[1+],0.000223533229984696
164.0707,C00018,M-HCOOK+H[1+],0.000123533229981376
164.0707,C14801,M-CO2+H[1+],2.35332299780566e-05
164.0707,C16591,M-HCOOH+H[1+],2.35332299780566e-05
164.0707,C16596,M-CO+H[1+],0.000223533229984696
172.09702,C03758,M+H2O+H[1+],0.000143533229959303
158.08118,C00437,M-NH3+H[1+],3.53322997170835e-06
94.02841,C05130,M-NH3+H[1+],0.000366466770003626
94.02841,C04281,M-H4O2+H[1+],0.000266466770000306
94.02841,C05653,M-C3H4O2+H[1+],0.000366466769989415
94.02841,C02237,M-H4O2+H[1+],0.000266466770000306
94.02841,C04282,M-H4O2+H[1+],0.000266466770000306
94.02841,C01879,M-H4O2+H[1+],0.000266466770000306
143.07011,C00114,M+K[1+],0.000166466769996987
143.07011,C05576,M-CO+H[1+],6.64667699936672e-05
208.06107,C01252,M+H[1+],0.000593533229988452
208.06107,C03227,M-NH3+H[1+],0.000593533229988452
208.06107,C05651,M-NH3+H[1+],0.000593533229988452
208.06107,C14801,M+H[1+],0.000593533229988452
208.06107,C14800,M+H2O+H[1+],0.000593533229988452
208.06107,C14802,M+H2O+H[1+],0.000593533229988452
253.09295,C05512,M+H[1+],0.000226466770016032
253.09295,C00492,M+2H[2+],0.00117353323000202
253.09295,C05404,M+2H[2+],0.00117353323000202
253.09295,C00721,M+2H[2+],0.00115604523000457
125.02322,C03824,M-NH3+H[1+],0.000156466769993813
125.02322,C00322,M-H4O2+H[1+],5.64667700189148e-05
256.05932,C00357,M-HCOOH+H[1+],0.0011435332299925
256.05932,C04257,M-HCOOH+H[1+],0.0011435332299925
256.05932,C04501,M-HCOOH+H[1+],0.0011435332299925
256.05932,C18060,M-HCOOH+H[1+],0.0011435332299925
259.11899,C00670,M+H[1+],0.0011135332300114
247.11887,C03793,M+NaCl[1+],0.000493533229985132
184.06083,C00847,M+H[1+],0.000353533229997538
184.06083,C05127,M+NaCl[1+],0.000346466769997278
184.06083,C05653,M+H2O+H[1+],0.000353533229997538
189.07589,C00114,M+HCOOK[1+],0.000186466770031757
189.07589,C02714,M+NaCl[1+],0.000586466770016614
189.07589,C05576,M+H2O+H[1+],0.000113533229978202
189.07589,C00255,M+2H[2+],0.000536466770029165
198.07621,C00355,M+H[1+],0.00013353322998455
174.95547,C14453,M(S34)+H[1+],6.46677003146578e-06
174.95547,C14839,M(S34)+H[1+],6.46677003146578e-06
174.95547,C14840,M(S34)+H[1+],6.46677003146578e-06
136.06135,C00147,M+H[1+],0.000426466769994249
206.04897,C02291,M-NH3+H[1+],0.000793533229995091
203.03199,C00117,M-CO+H[1+],0.000513533229991481
203.03199,C00199,M-CO+H[1+],0.000513533229991481
203.03199,C00231,M-CO+H[1+],0.000513533229991481
203.03199,C00620,M-CO+H[1+],0.000513533229991481
203.03199,C01019,M+K[1+],0.00071353322999812
203.03199,C01179,M+Na[1+],0.000413533229988161
203.03199,C05350,M+Na[1+],0.000413533229988161
203.03199,C05699,M-HCOONa+H[1+],0.0002135332299531
121.02835,C00108,M-NH3+H[1+],0.00012646676998429
121.02835,C00156,M-H2O+H[1+],2.64667699951815e-05
121.02835,C05585,M-H2O+H[1+],2.64667699951815e-05
182.04451,C16355,M[1+],0.000509999999991351
182.04451,C16359,M[1+],0.000509999999991351
128.07054,C00450,M+H[1+],3.64667700125665e-05
128.07054,C04076,M-H2O+H[1+],3.64667700125665e-05
128.07054,C02946,M-H2O+H[1+],3.64667700125665e-05
236.09593,C06868,M[1+],0.000930000000010978
215.08599,C14852,M-C3H4O2+H[1+],0.000413533229988161
268.08297,C19574,M+NaCl[1+],0.000693533229991772
227.10347,C00931,M+H[1+],0.00079353322996667
227.10347,C00328,M+H2O+H[1+],0.00079353322996667
227.10347,C05647,M+H2O+H[1+],0.00079353322996667
227.10347,C16582,M-CO+H[1+],0.000893533229969989
227.10347,C16584,M-CO+H[1+],0.000893533229969989
231.09791,C04376,M-HCOOK+H[1+],0.000433533230022931
245.09422,C00214,M(S34)+H[1+],0.00084353322998254
245.09422,C00214,M(Cl37)+H[1+],0.000556466770007091
265.00325,C22443,M+H+Na[2+],0.000876466770023399
262.05736,C19563,M+K[1+],0.00111646676998589
262.05736,C19566,M+K[1+],0.00111646676998589
129.05452,C04076,M-NH3+H[1+],0.000156466770022234
129.05452,C02946,M-NH3+H[1+],0.000156466770022234
129.05452,C01019,M-H4O2+H[1+],5.64667700189148e-05
176.03455,C01693,M-H2O+H[1+],0.000373533230003886
176.03455,C04185,M-H2O+H[1+],0.000373533230003886
176.03455,C02918,M+K[1+],0.000273533230000567
150.0412,C22500,M-H2O+H[1+],0.000223533230013118
123.04385,C00544,M-HCOOH+H[1+],0.00032646676999093
123.04385,C01161,M-HCOOH+H[1+],0.00032646676999093
123.04385,C05577,M-HCOOH+H[1+],0.00032646676999093
187.00896,C16613,M(S34)+H[1+],0.000383533229978639
185.08102,C05594,M+H[1+],0.000143533229987725
185.08102,C00588,M+H[1+],0.000156466770022234
185.08102,C01181,M+K[1+],0.000143533229987725
185.08102,C05581,M+H2O+H[1+],0.000143533229987725
185.08102,C01996,M+K[1+],0.000143533229987725
231.07722,C00526,M(S34)+H[1+],0.000456466770003772
212.05608,C00526,M-NH3+H[1+],0.000703533229994946
212.05608,C01693,M+H2O+H[1+],0.000703533229994946
212.05608,C04185,M+H2O+H[1+],0.000703533229994946
250.09325,C00212,M-H2O+H[1+],0.000226466769959188
250.09325,C00330,M-H2O+H[1+],0.000226466769959188
119.01604,C00122,M(Cl37)+H[1+],0.000563533230007351
119.01604,C00155,M-NH3+H[1+],0.000136466770001675
249.06185,C01762,M-H4O2+H[1+],7.35332299939273e-05
109.02836,C01179,M-C3H4O2+H[1+],0.000116466769995327
109.02836,C00628,M-HCOOH+H[1+],0.000116466769981116
109.02836,C05350,M-C3H4O2+H[1+],0.000116466769995327
188.09192,C00547,M+H2O+H[1+],0.000143533229959303
188.09192,C00314,M+H2O+H[1+],0.000143533229959303
188.0099,C05578,M+K[1+],0.00057646677001344
74.02331,C00940,M-C3H4O2+H[1+],0.000366466769989415
102.05474,C00025,M-HCOOH+H[1+],0.000336466769994104
102.05474,C00940,M-CO2+H[1+],0.000236466769990784
102.05474,C00188,M-H2O+H[1+],0.000136466770001675
102.05474,C01005,M-HCOOK+H[1+],0.000136466770015886
102.05474,C04281,M-CO+H[1+],0.000136466769987464
102.05474,C05938,M-HCOOH+H[1+],0.000336466769994104
102.05474,C00217,M-HCOOH+H[1+],0.000336466769994104
102.05474,C02237,M-CO+H[1+],0.000136466769987464
102.05474,C04282,M-CO+H[1+],0.000136466769987464
102.05474,C01879,M-CO+H[1+],0.000136466769987464
113.05959,C00408,M-NH3+H[1+],0.000186466770003335
113.05959,C05936,M-NH3+H[1+],0.000186466770003335
113.05959,C00233,M-H2O+H[1+],8.64667699858046e-05
113.05959,C00671,M-H2O+H[1+],8.64667699858046e-05
113.05959,C05594,M-C3H4O2+H[1+],0.000186466769989124
113.05959,C00588,M-C3H4O2+H[1+],0.000486466769999083
113.05959,C00418,M-H4O2+H[1+],8.64667700000155e-05
151.0392,C00250,M-NH3+H[1+],0.000223533229984696
151.0392,C00544,M-H2O+H[1+],0.000223533229984696
151.0392,C01161,M-H2O+H[1+],0.000223533229984696
151.0392,C05577,M-H2O+H[1+],0.000223533229984696
163.06012,C03827,M+H[1+],4.35332300128266e-05
163.06012,C00329,M-NH3+H[1+],5.6466769990493e-05
163.06012,C00031,M-H2O+H[1+],4.35332300128266e-05
163.06012,C00221,M-H2O+H[1+],4.35332300128266e-05
163.06012,C00267,M-H2O+H[1+],4.35332300128266e-05
163.06012,C00095,M-H2O+H[1+],4.35332300128266e-05
163.06012,C00159,M-H2O+H[1+],4.35332300128266e-05
163.06012,C01720,M-H2O+H[1+],4.35332300128266e-05
163.06012,C00124,M-H2O+H[1+],4.35332300128266e-05
163.06012,C00137,M-H2O+H[1+],4.35332300128266e-05
163.06012,C00984,M-H2O+H[1+],4.35332300128266e-05
87.04369,C00111,M-HCOOK+H[1+],0.000286466769992444
87.04369,C00118,M-HCOOK+H[1+],0.000286466769992444
87.04369,C01205,M-NH3+H[1+],0.000386466769995764
87.04369,C00334,M-NH3+H[1+],0.000386466769995764
87.04369,C01026,M-NH3+H[1+],0.000386466769995764
87.04369,C02356,M-NH3+H[1+],0.000386466769995764
87.04369,C03284,M-NH3+H[1+],0.000386466769995764
87.04369,C06001,M-H2O+H[1+],0.000286466770006655
87.04369,C05984,M-H2O+H[1+],0.000286466770006655
87.04369,C01089,M-H2O+H[1+],0.000286466770006655
91.05387,C03765,M-HCOOH+H[1+],0.000406466769987901
91.05387,C07086,M-HCOOH+H[1+],0.000406466769987901
91.05387,C06205,M-C3H4O2+H[1+],0.00040646676997369
119.04904,C03765,M-H2O+H[1+],3.64667699983556e-05
119.04904,C00166,M-HCOOH+H[1+],0.000136466769987464
119.04904,C02763,M-HCOOH+H[1+],0.000136466769987464
119.04904,C07086,M-H2O+H[1+],3.64667699983556e-05
234.07721,C00357,M-HCOONa+H[1+],0.00103353322995758
234.07721,C04257,M-HCOONa+H[1+],0.00103353322995758
234.07721,C04501,M-HCOONa+H[1+],0.00103353322995758
234.07721,C18060,M-HCOONa+H[1+],0.00103353322995758
172.99322,C11537,M(Cl37)+H[1+],0.000243533230019466
267.23312,C05949,M-HCOONa+H[1+],0.00115646677005543
267.23312,C14772,M-C3H4O2+H[1+],0.0012435332299674
267.23312,C14773,M-C3H4O2+H[1+],0.0012435332299674
267.23312,C14774,M-C3H4O2+H[1+],0.0012435332299674
267.23312,C14775,M-C3H4O2+H[1+],0.0012435332299674
267.23312,C04717,M-HCOOH+H[1+],0.0011435332299925
136.07562,C00082,M-HCOOH+H[1+],0.000156466770022234
136.07562,C03758,M-H2O+H[1+],5.64667700189148e-05
254.10058,C07496,M(C13)+H[1+],3.53323000013006e-06
254.10058,C16601,M(C13)+H[1+],3.53323000013006e-06
254.10058,C16602,M(C13)+H[1+],3.53323000013006e-06
254.10058,C05401,M[1+],0.00038000000000693
234.07682,C00357,M-HCOONa+H[1+],0.000643533229947479
234.07682,C04257,M-HCOONa+H[1+],0.000643533229947479
234.07682,C04501,M-HCOONa+H[1+],0.000643533229947479
234.07682,C18060,M-HCOONa+H[1+],0.000643533229947479
151.01377,C00116,M+NaCl[1+],0.000593533229988452
170.04503,C00388,M+NaCl[1+],0.000446466770000598
114.01842,C02362,M-H2O+H[1+],0.000156466769979602
114.01842,C04409,M-C3H4O2+H[1+],0.000156466769979602
114.01842,C05840,M-H2O+H[1+],0.000156466769979602
181.049969,C00198,M(S34)+H[1+],0.000807466769998655
181.049969,C01040,M(S34)+H[1+],0.000807466769998655
181.049969,C01179,M+H[1+],0.000392533229984338
181.049969,C00355,M-NH3+H[1+],0.000392533229984338
181.049969,C05350,M+H[1+],0.000392533229984338
181.049969,C05584,M-H2O+H[1+],0.000492533230016079
235.06027,C00780,M+NaCl[1+],0.00060646676999454
163.03922,C00117,M-HCOONa+H[1+],0.000143533229959303
163.03922,C00199,M-HCOONa+H[1+],0.000143533229959303
163.03922,C00231,M-HCOONa+H[1+],0.000143533229959303
163.03922,C00620,M-HCOONa+H[1+],0.000143533229959303
163.03922,C01179,M-H2O+H[1+],0.000243533229991044
163.03922,C05350,M-H2O+H[1+],0.000243533229991044
163.03922,C05584,M-H4O2+H[1+],0.000343533229994364
109.02827,C01179,M-C3H4O2+H[1+],0.000206466769995473
109.02827,C00628,M-HCOOH+H[1+],0.000206466769981262
109.02827,C05350,M-C3H4O2+H[1+],0.000206466769995473
198.06801,C00257,M(C13)+H[1+],0.000966466770023544
198.06801,C00800,M(C13)+H[1+],0.000966466770023544
248.09284,C05642,M-NH3+H[1+],0.00106353322999553
213.11265,C00670,M-HCOOH+H[1+],0.000173533230025669
159.07642,C00327,M-NH3+H[1+],5.6466769990493e-05
159.07642,C05828,M+H2O+H[1+],5.64667700189148e-05
213.09139,C01674,M+2H[2+],0.000536466770029165
87.04371,C00111,M-HCOOK+H[1+],0.000266466769986096
87.04371,C00118,M-HCOOK+H[1+],0.000266466769986096
87.04371,C01205,M-NH3+H[1+],0.000366466769989415
87.04371,C00334,M-NH3+H[1+],0.000366466769989415
87.04371,C01026,M-NH3+H[1+],0.000366466769989415
87.04371,C02356,M-NH3+H[1+],0.000366466769989415
87.04371,C03284,M-NH3+H[1+],0.000366466769989415
87.04371,C06001,M-H2O+H[1+],0.000266466770000306
87.04371,C00670,M+3H[3+],0.000433133436644084
87.04371,C05984,M-H2O+H[1+],0.000266466770000306
87.04371,C01089,M-H2O+H[1+],0.000266466770000306
253.08295,C05648,M+H[1+],0.0010735332299987
117.03334,C00642,M-H4O2+H[1+],3.64667700125665e-05
117.03334,C04043,M-H4O2+H[1+],3.64667700125665e-05
117.03334,C05852,M-H4O2+H[1+],3.64667700125665e-05
261.16107,C00621,M-HCOOK+H[1+],0.000282676770041235
261.16107,C06081,M+K[1+],7.19207699830804e-05
132.02868,C02362,M+H[1+],0.000496466769988047
132.02868,C05840,M+H[1+],0.000496466769988047
132.02868,C07649,M(C13)+H[1+],0.00010353323000345
259.14557,C03461,M+K[1+],9.35332300286973e-05
144.02914,C01044,M-H2O+H[1+],6.35332300191749e-05
164.03447,C17938,M-CO+H[1+],0.000293533230006915
85.02802,C00074,M-HCOOK+H[1+],0.000356466770014663
85.02802,C00544,M+2H[2+],0.000406466770002112
85.02802,C00232,M-H2O+H[1+],0.000356466770000452
85.02802,C00109,M-H2O+H[1+],0.000356466770000452
85.02802,C00164,M-H2O+H[1+],0.000356466770000452
85.02802,C00349,M-H2O+H[1+],0.000356466770000452
85.02802,C06002,M-H2O+H[1+],0.000356466770000452
85.02802,C01161,M+2H[2+],0.000406466770002112
85.02802,C05577,M+2H[2+],0.000406466770002112
131.07025,C00233,M+H[1+],2.64667700093923e-05
131.07025,C00671,M+H[1+],2.64667700093923e-05
131.07025,C00672,M-HCOOK+H[1+],7.35332299655056e-05
131.07025,C00673,M-HCOOK+H[1+],7.35332299655056e-05
131.07025,C00418,M-H2O+H[1+],2.64667700093923e-05
149.05971,C00079,M-NH3+H[1+],6.64667700220889e-05
149.05971,C00415,M(C13)+3H[3+],0.000399800103338066
149.05971,C16612,M(C13)+2H[2+],0.000283533229975319
149.05971,C05581,M-H2O+H[1+],3.35332300096525e-05
149.05971,C05594,M-H4O2+H[1+],3.35332299812308e-05
149.05971,C00588,M-H4O2+H[1+],0.000266466770028728
185.11745,C05956,M+2H[2+],0.000223533229984696
107.01268,C00253,M-NH3+H[1+],9.64667699889787e-05
107.01268,C07446,M-NH3+H[1+],9.64667699889787e-05
186.02231,C00130,M+H+Na[2+],0.00048353323001038
232.05919,C16591,M+Na[1+],0.00111353322998298
157.04951,C00156,M+H2O+H[1+],6.64667700220889e-05
157.04951,C01036,M-CO2+H[1+],6.64667700220889e-05
157.04951,C01061,M-CO2+H[1+],6.64667700220889e-05
157.04951,C05580,M-CO+H[1+],3.35332299812308e-05
157.04951,C05585,M+H2O+H[1+],6.64667700220889e-05
112.98436,C00011,M+HCOONa[1+],0.000116466769995327
223.06081,C05382,M-HCOONa+H[1+],0.000633533229972727
157.04985,C00156,M+H2O+H[1+],0.000273533229972145
157.04985,C01036,M-CO2+H[1+],0.000273533229972145
157.04985,C01061,M-CO2+H[1+],0.000273533229972145
157.04985,C05580,M-CO+H[1+],0.000373533229975465
157.04985,C05585,M+H2O+H[1+],0.000273533229972145
232.0588,C00352,M-CO+H[1+],0.000823533229976192
232.0588,C16591,M+Na[1+],0.000723533229972873
236.05632,C05648,M-NH3+H[1+],0.00094353322998586
239.1288,C11061,M+2H[2+],0.00102353323001125
112.03918,C21028,M-NH3+H[1+],0.000196466770006509
112.03918,C00025,M-H4O2+H[1+],9.64667700031896e-05
112.03918,C04281,M-H2O+H[1+],9.64667699889787e-05
112.03918,C05938,M-H4O2+H[1+],9.64667700031896e-05
112.03918,C02220,M-HCOOH+H[1+],0.000196466769978088
112.03918,C00217,M-H4O2+H[1+],9.64667700031896e-05
112.03918,C02237,M-H2O+H[1+],9.64667699889787e-05
112.03918,C04282,M-H2O+H[1+],9.64667699889787e-05
112.03918,C01879,M-H2O+H[1+],9.64667699889787e-05
112.03918,C00847,M-C3H4O2+H[1+],0.000196466769992298
241.09905,C07501,M(S34)+H[1+],0.000573533229982104
241.09905,C07501,M(Cl37)+H[1+],0.000826466770007528
225.09577,C20934,M-CO2+H[1+],0.00110646677003956
115.0389,C00430,M-NH3+H[1+],7.64667699968413e-05
115.0389,C01110,M-NH3+H[1+],7.64667699968413e-05
115.0389,C01157,M-NH3+H[1+],7.64667699968413e-05
115.0389,C01165,M-NH3+H[1+],7.64667699968413e-05
115.0389,C05147,M-NH3+H[1+],7.64667699968413e-05
115.0389,C03440,M-NH3+H[1+],7.64667699968413e-05
115.0389,C00121,M-H4O2+H[1+],2.35332300064783e-05
115.0389,C00181,M-H4O2+H[1+],2.35332300064783e-05
115.0389,C00259,M-H4O2+H[1+],2.35332300064783e-05
115.0389,C00309,M-H4O2+H[1+],2.35332300064783e-05
115.0389,C00310,M-H4O2+H[1+],2.35332300064783e-05
115.0389,C00312,M-H4O2+H[1+],2.35332300064783e-05
115.0389,C00322,M-HCOOH+H[1+],0.000176466770000161
239.20141,C03461,M+H2O+H[1+],0.000833533229979366
203.08137,C06423,M+NaCl[1+],0.000493533229985132
203.08137,C00643,M-H2O+H[1+],0.000106466770006364
203.08137,C07185,M+NaCl[1+],0.000493533229985132
203.08137,C07501,M-H4O2+H[1+],0.000106466770034785
226.07158,C00214,M-NH3+H[1+],0.000503533229988307
226.07158,C01252,M+H2O+H[1+],0.000503533229988307
226.07158,C14801,M+H2O+H[1+],0.000503533229988307
137.02334,C00632,M-NH3+H[1+],3.64667700125665e-05
137.02334,C00628,M-H2O+H[1+],6.35332299907532e-05
181.0499,C00198,M(S34)+H[1+],0.000876466769994977
181.0499,C01040,M(S34)+H[1+],0.000876466769994977
181.0499,C01179,M+H[1+],0.000323533229988016
181.0499,C00355,M-NH3+H[1+],0.000323533229988016
181.0499,C05350,M+H[1+],0.000323533229988016
181.0499,C05584,M-H2O+H[1+],0.000423533230019757
165.0548,C00082,M-NH3+H[1+],0.000123533229981376
165.0548,C00166,M+H[1+],0.000223533229984696
165.0548,C02763,M+H[1+],0.000223533229984696
165.0548,C01068,M-HCOONa+H[1+],0.000123533230009798
165.0548,C05582,M-H2O+H[1+],0.000223533230013118
165.0548,C05583,M-H2O+H[1+],0.000223533230013118
241.21723,C06081,M+H2O+H[1+],0.000988079229983896
241.21723,C04717,M-C3H4O2+H[1+],0.000953533229989034
259.11264,C14852,M-CO+H[1+],0.000963533229992208
259.11264,C14853,M-CO2+H[1+],0.00086353323001731
247.08265,C00487,M+HCOOK[1+],0.0010735332299987
134.05981,C00547,M-H4O2+H[1+],0.000166466770025409
134.05981,C05637,M-CO+H[1+],0.000166466769996987
134.05981,C05639,M-CO+H[1+],0.000166466769996987
134.05981,C05660,M-C3H4O2+H[1+],0.000266466770000306
134.05981,C00314,M-H4O2+H[1+],0.000166466770025409
96.95881,C05528,M-C3H4O2+H[1+],0.000266466770000306
220.08215,C00835,M-H2O+H[1+],0.000726466769975787
220.08215,C03684,M-H2O+H[1+],0.000726466769975787
220.08215,C04874,M-H4O2+H[1+],0.000726466770004208
139.11173,C16300,M+2H[2+],3.53322997170835e-06
141.01831,C02220,M-NH3+H[1+],3.35332300096525e-05
141.01831,C02670,M-H4O2+H[1+],0.00013353322998455
141.01831,C02514,M-HCOOH+H[1+],3.35332300096525e-05
137.02339,C00632,M-NH3+H[1+],1.35332300033042e-05
137.02339,C00628,M-H2O+H[1+],0.000113533230006624
104.03388,C01042,M-C3H4O2+H[1+],0.000396466769998938
104.03388,C02362,M-CO+H[1+],0.000296466769981407
104.03388,C05840,M-CO+H[1+],0.000296466769981407
146.06002,C00082,M-H4O2+H[1+],4.35332299844049e-05
146.06002,C05635,M-HCOOH+H[1+],5.6466769990493e-05
146.06002,C14040,M-CO+H[1+],4.35332300128266e-05
146.06002,C14800,M-CO2+H[1+],5.6466769990493e-05
146.06002,C14802,M-CO2+H[1+],5.6466769990493e-05
146.06002,C16596,M-HCOOH+H[1+],5.6466769990493e-05
225.2221,C14825,M-C3H4O2+H[1+],0.000823533230004614
225.2221,C14826,M-C3H4O2+H[1+],0.000823533230004614
136.04968,C00379,M-NH3+H[1+],0.000403533229984987
136.04968,C00532,M-NH3+H[1+],0.000403533229984987
188.01005,C05578,M+K[1+],0.000426466769994249
221.0791,C00487,M+NaCl[1+],0.000223533230013118
186.07651,C01132,M-H4O2+H[1+],0.000533533229997829
186.07651,C00140,M-H4O2+H[1+],0.000533533229997829
186.07651,C00645,M-H4O2+H[1+],0.000533533229997829
186.07651,C00250,M+H2O+H[1+],0.000433533229994509
122.97451,C05528,M-HCOOH+H[1+],0.000266466770000306
185.08087,C05594,M+H[1+],6.46677000304408e-06
185.08087,C00588,M+H[1+],0.000306466770013003
185.08087,C01181,M+K[1+],6.46677000304408e-06
185.08087,C05581,M+H2O+H[1+],6.46677000304408e-06
185.08087,C01996,M+K[1+],6.46677000304408e-06
242.94363,C03232,M+NaCl[1+],0.000453533230000858
131.08142,C00439,M-CO2+H[1+],0.000156466769993813
264.08813,C00360,M-HCOONa+H[1+],5.35332299591573e-05
96.95868,C05528,M-C3H4O2+H[1+],0.000396466769998938
138.05446,C00108,M+H[1+],0.000516466769994395
138.05446,C05653,M-CO+H[1+],0.000416466769991075
138.05446,C00847,M-HCOOH+H[1+],0.000616466769997714
138.05446,C16591,M-C3H4O2+H[1+],0.000516466770022816
182.08152,C00082,M+H[1+],0.000343533229994364
182.08152,C16591,M-CO+H[1+],0.000443533229997684
127.039,C03827,M-H4O2+H[1+],0.000123533230009798
127.039,C00628,M-CO+H[1+],0.000123533230009798
127.039,C05584,M-C3H4O2+H[1+],2.35332300206892e-05
151.03908,C00250,M-NH3+H[1+],0.00010353323000345
151.03908,C00544,M-H2O+H[1+],0.00010353323000345
151.03908,C01161,M-H2O+H[1+],0.00010353323000345
151.03908,C05577,M-H2O+H[1+],0.00010353323000345
100.03908,C16622,M-NH3+H[1+],0.000296466769995618
100.03908,C00940,M-HCOOH+H[1+],0.000296466769981407
100.03908,C03508,M-H2O+H[1+],0.000196466769992298
173.02104,C00093,M+H[1+],6.35332299907532e-05
173.02104,C00279,M-CO+H[1+],0.000163533229994073
173.02104,C01801,M+K[1+],0.000363533230000712
173.02104,C02985,M-C3H4O2+H[1+],6.35332300191749e-05
173.02104,C00246,M+HCOOK[1+],6.35332299907532e-05
161.04471,C00322,M+H[1+],0.00023353322998787
161.04471,C00198,M-H2O+H[1+],0.000333533230019611
161.04471,C00257,M-H4O2+H[1+],0.00033353322999119
161.04471,C00800,M-H4O2+H[1+],0.00033353322999119
161.04471,C01040,M-H2O+H[1+],0.000333533230019611
161.04471,C16241,M-HCOOH+H[1+],0.000666466769985163
111.04393,C00450,M-NH3+H[1+],0.000146466769990639
111.04393,C00156,M-CO+H[1+],4.64667699873189e-05
111.04393,C00628,M-CO2+H[1+],0.000146466769990639
111.04393,C05582,M-C3H4O2+H[1+],0.000146466769976428
111.04393,C05583,M-C3H4O2+H[1+],0.000146466769976428
111.04393,C05585,M-CO+H[1+],4.64667699873189e-05
222.07669,C07501,M-NH3+H[1+],0.000513533229991481
222.07669,C00331,M+H2O+H[1+],0.0006135332299948
109.02828,C01179,M-C3H4O2+H[1+],0.000196466770006509
109.02828,C00628,M-HCOOH+H[1+],0.000196466769992298
109.02828,C05350,M-C3H4O2+H[1+],0.000196466770006509
184.09707,C00788,M+H[1+],0.000293533230006915
184.09707,C05589,M+H[1+],0.000293533230006915
184.09707,C05490,M+H+Na[2+],0.00060646676999454
184.09707,C00079,M+H2O+H[1+],0.000193533229975174
184.09707,C00864,M-H4O2+H[1+],0.000293533229978493
108.04426,C05827,M-NH3+H[1+],0.000216466769998647
108.04426,C00632,M-HCOOH+H[1+],0.000216466769984436
224.05626,C05645,M+H[1+],0.000883533229995237
112.98453,C00011,M+HCOONa[1+],5.35332300160007e-05
101.05947,C00719,M-NH3+H[1+],0.000306466769984581
101.05947,C00183,M-NH3+H[1+],0.000306466769984581
139.03891,C00156,M+H[1+],6.64667700220889e-05
139.03891,C05585,M+H[1+],6.64667700220889e-05
139.03891,C05580,M-HCOOH+H[1+],0.000166466770025409
119.04908,C03765,M-H2O+H[1+],3.53323000013006e-06
119.04908,C00166,M-HCOOH+H[1+],9.64667699889787e-05
119.04908,C02763,M-HCOOH+H[1+],9.64667699889787e-05
119.04908,C07086,M-H2O+H[1+],3.53323000013006e-06
267.05178,C00328,M+NaCl[1+],0.0011035332299798
267.05178,C05647,M+NaCl[1+],0.0011035332299798
223.09471,C19563,M[1+],0.000990000000001601
223.09471,C19566,M[1+],0.000990000000001601
178.05013,C00822,M-H2O+H[1+],0.000253533229994218
178.05013,C05645,M-HCOOH+H[1+],0.000153533229990899
231.12293,C00670,M-CO+H[1+],5.35332300160007e-05
217.0027,C16630,M+HCOOK[1+],0.000623533229997975
148.04269,C00940,M(Cl37)+H[1+],0.00071353322999812
225.11258,C05503,M+2H[2+],0.000453533230000858
177.01863,C00417,M(S34)+H[1+],0.000846466770013876
177.01863,C01693,M-NH3+H[1+],0.000353533229997538
177.01863,C04185,M-NH3+H[1+],0.000353533229997538
179.0343,C02670,M(S34)+H[1+],0.000876466770023399
179.0343,C00822,M-NH3+H[1+],0.000323533229988016
219.02718,C00031,M+K[1+],0.00100353322997648
219.02718,C00221,M+K[1+],0.00100353322997648
219.02718,C00267,M+K[1+],0.00100353322997648
219.02718,C00279,M+H2O+H[1+],0.000703533229966524
219.02718,C01801,M+HCOOK[1+],0.000703533229994946
219.02718,C05382,M-C3H4O2+H[1+],0.000703533229966524
219.02718,C00095,M+K[1+],0.00100353322997648
219.02718,C00159,M+K[1+],0.00100353322997648
219.02718,C01720,M+K[1+],0.00100353322997648
219.02718,C00124,M+K[1+],0.00100353322997648
219.02718,C00137,M+K[1+],0.00100353322997648
219.02718,C00984,M+K[1+],0.00100353322997648
219.02718,C07480,M+K[1+],0.000296466770009829
219.02718,C13747,M+K[1+],0.000296466770009829
160.06049,C03824,M+H2O+H[1+],1.35332299748825e-05
160.06049,C02918,M+Na[1+],0.000286466770006655
241.10812,C00670,M-H2O+H[1+],0.000843533230039384
107.04893,C00642,M-HCOOH+H[1+],0.000246466769993958
107.04893,C04043,M-HCOOH+H[1+],0.000246466769993958
107.04893,C05852,M-HCOOH+H[1+],0.000246466769993958
248.05643,C00647,M[1+],0.000230000000016162
189.07638,C00114,M+HCOOK[1+],0.000303533229981667
189.07638,C02714,M+NaCl[1+],9.64667700031896e-05
189.07638,C05576,M+H2O+H[1+],0.000603533229991626
189.07638,C00255,M+2H[2+],4.64667700157406e-05
203.08214,C00643,M-H2O+H[1+],0.000663533230010671
203.08214,C07501,M-H4O2+H[1+],0.000663533229982249
203.08214,C11736,M-CO2+H[1+],0.000536466770000743
203.08214,C12739,M-CO2+H[1+],0.000536466770000743
167.03421,C00847,M-NH3+H[1+],0.00023353322998787
167.03421,C06196,M+2H[2+],0.000833533229979366
167.03421,C05580,M-H2O+H[1+],0.00033353322999119
163.07538,C06205,M+H[1+],3.53323000013006e-06
163.07538,C14786,M+H2O+H[1+],3.53322997170835e-06
163.07538,C14787,M+H2O+H[1+],3.53322997170835e-06
208.06111,C01252,M+H[1+],0.000633533230001149
208.06111,C03227,M-NH3+H[1+],0.000633533230001149
208.06111,C05651,M-NH3+H[1+],0.000633533230001149
208.06111,C14801,M+H[1+],0.000633533230001149
208.06111,C14800,M+H2O+H[1+],0.000633533230001149
208.06111,C14802,M+H2O+H[1+],0.000633533230001149
134.04613,C00242,M-H2O+H[1+],5.35332300160007e-05
134.04613,C22499,M-H2O+H[1+],5.35332300160007e-05
143.04499,C01762,M+2H[2+],0.000136466769987464
93.03316,C00156,M-HCOOH+H[1+],0.000416466769991075
93.03316,C05585,M-HCOOH+H[1+],0.000416466769991075
93.03316,C00166,M-C3H4O2+H[1+],0.000316466770001966
93.03316,C02763,M-C3H4O2+H[1+],0.000316466770001966
117.03356,C00642,M-H4O2+H[1+],0.00018353322998621
117.03356,C04043,M-H4O2+H[1+],0.00018353322998621
117.03356,C05852,M-H4O2+H[1+],0.00018353322998621
195.03682,C00178,M+HCOONa[1+],0.000756466770013731
195.03682,C02835,M+HCOONa[1+],0.000756466770013731
165.05474,C00082,M-NH3+H[1+],6.35332299907532e-05
165.05474,C00166,M+H[1+],0.000163533229994073
165.05474,C02763,M+H[1+],0.000163533229994073
165.05474,C01068,M-HCOONa+H[1+],6.35332300191749e-05
165.05474,C05582,M-H2O+H[1+],0.000163533230022495
165.05474,C05583,M-H2O+H[1+],0.000163533230022495
166.05003,C05653,M+H[1+],0.000153533229990899
166.05003,C01693,M-CO+H[1+],0.000253533229994218
166.05003,C04185,M-CO+H[1+],0.000253533229994218
166.05003,C05579,M+H2O+H[1+],0.000153533229962477
166.05003,C00847,M-H2O+H[1+],0.000153533229990899
165.01838,C01036,M-H4O2+H[1+],0.000203533229978348
165.01838,C01061,M-H4O2+H[1+],0.000203533229978348
225.09582,C20934,M-CO2+H[1+],0.00105646677002369
171.06542,C05576,M+H[1+],0.000243533229991044
171.06542,C00642,M+H2O+H[1+],0.000243533229962622
171.06542,C04043,M+H2O+H[1+],0.000243533229962622
171.06542,C05584,M-CO+H[1+],0.000343533229994364
171.06542,C05852,M+H2O+H[1+],0.000243533229962622
180.03272,C00789,M+3H[3+],7.68665633472665e-05
127.07533,C05576,M-CO2+H[1+],4.64667699873189e-05
207.05029,C16241,M+H[1+],0.000486466770013294
259.11892,C00670,M+H[1+],0.0010435332300176
220.06121,C02700,M-NH3+H[1+],0.000733533229976047
215.12847,C00670,M-CO2+H[1+],0.000393533230010235
151.07533,C05587,M-NH3+H[1+],4.64667700157406e-05
151.07533,C06459,M-H2O+H[1+],0.000346466769997278
241.10819,C00670,M-H2O+H[1+],0.000913533230033181
163.03924,C00117,M-HCOONa+H[1+],0.000163533229965651
163.03924,C00199,M-HCOONa+H[1+],0.000163533229965651
163.03924,C00231,M-HCOONa+H[1+],0.000163533229965651
163.03924,C00620,M-HCOONa+H[1+],0.000163533229965651
163.03924,C01179,M-H2O+H[1+],0.000263533229997392
163.03924,C05350,M-H2O+H[1+],0.000263533229997392
163.03924,C05584,M-H4O2+H[1+],0.000363533230000712
271.08266,C00294,M(S34)+H[1+],0.00121646677001763
271.08266,C20934,M(S34)+H[1+],0.000183533229971999
271.08266,C20934,M(Cl37)+H[1+],0.00121646677007448
271.08266,C04677,M-HCOONa+H[1+],1.64667700346399e-05
271.08266,C01598,M+K[1+],0.00131646676999253
137.05968,C03758,M-NH3+H[1+],9.64667700316113e-05
137.05968,C03765,M+H[1+],3.53322997170835e-06
137.05968,C07086,M+H[1+],3.53322997170835e-06
137.05968,C01179,M-CO2+H[1+],9.64667700316113e-05
137.05968,C05350,M-CO2+H[1+],9.64667700316113e-05
137.05968,C05582,M-HCOOH+H[1+],9.64667700031896e-05
137.05968,C05583,M-HCOOH+H[1+],9.64667700031896e-05
137.05968,C00166,M-CO+H[1+],0.000103533229975028
137.05968,C02763,M-CO+H[1+],0.000103533229975028
205.07102,C01132,M-NH3+H[1+],0.000343533229994364
205.07102,C00140,M-NH3+H[1+],0.000343533229994364
205.07102,C00645,M-NH3+H[1+],0.000343533229994364
205.07102,C00047,M+NaCl[1+],0.000356466770000452
101.0594767,C00719,M-NH3+H[1+],0.000299766769984444
101.0594767,C00183,M-NH3+H[1+],0.000299766769984444
180.03273,C00789,M+3H[3+],8.68665633220189e-05
241.08299,C00105,M-HCOOK+H[1+],0.00111353322995456
269.06746,C01185,M-HCOONa+H[1+],0.000816466770061197
125.09604,C06459,M-CO2+H[1+],0.000436466769997423
125.09604,C16651,M-H4O2+H[1+],6.35332299907532e-05
181.06089,C05648,M-C3H4O2+H[1+],0.000113533230006624
149.0597,C00079,M-NH3+H[1+],7.6466770025263e-05
149.0597,C00415,M(C13)+3H[3+],0.00040980010334124
149.0597,C16612,M(C13)+2H[2+],0.000273533229972145
149.0597,C05581,M-H2O+H[1+],2.35332300064783e-05
149.0597,C05594,M-H4O2+H[1+],2.35332299780566e-05
149.0597,C00588,M-H4O2+H[1+],0.000276466770031902
220.0223,C00147,M+HCOOK[1+],0.000776466769991657
234.07703,C00357,M-HCOONa+H[1+],0.000853533229957293
234.07703,C04257,M-HCOONa+H[1+],0.000853533229957293
234.07703,C04501,M-HCOONa+H[1+],0.000853533229957293
234.07703,C18060,M-HCOONa+H[1+],0.000853533229957293
143.07023,C00114,M+K[1+],4.64667699873189e-05
143.07023,C05576,M-CO+H[1+],5.35332300160007e-05
137.05976,C03758,M-NH3+H[1+],1.64667700062182e-05
137.05976,C03765,M+H[1+],8.35332299971014e-05
137.05976,C07086,M+H[1+],8.35332299971014e-05
137.05976,C01179,M-CO2+H[1+],1.64667700062182e-05
137.05976,C05350,M-CO2+H[1+],1.64667700062182e-05
137.05976,C05582,M-HCOOH+H[1+],1.64667699777965e-05
137.05976,C05583,M-HCOOH+H[1+],1.64667699777965e-05
137.05976,C00166,M-CO+H[1+],0.000183533230000421
137.05976,C02763,M-CO+H[1+],0.000183533230000421
164.92636,C06899,M+H[1+],0.000816466770032775
164.92636,C11148,M+H2O+H[1+],0.000816466770032775
164.92636,C14866,M+H2O+H[1+],0.000816466770032775
157.08597,C05594,M-CO+H[1+],9.35332300002756e-05
157.08597,C00588,M-CO+H[1+],0.000206466770009683
169.04966,C00544,M+H[1+],8.35332299686797e-05
169.04966,C01161,M+H[1+],8.35332299686797e-05
169.04966,C05577,M+H[1+],8.35332299686797e-05
238.07193,C16582,M-NH3+H[1+],0.000853533229985715
238.07193,C16584,M-NH3+H[1+],0.000853533229985715
145.04962,C00956,M-NH3+H[1+],4.35332299844049e-05
145.04962,C00031,M-H4O2+H[1+],0.000143533229987725
145.04962,C00221,M-H4O2+H[1+],0.000143533229987725
145.04962,C00267,M-H4O2+H[1+],0.000143533229987725
145.04962,C00095,M-H4O2+H[1+],0.000143533229987725
145.04962,C00159,M-H4O2+H[1+],0.000143533229987725
145.04962,C01720,M-H4O2+H[1+],0.000143533229987725
145.04962,C03827,M-H2O+H[1+],0.000143533230016146
145.04962,C00124,M-H4O2+H[1+],0.000143533229987725
145.04962,C00137,M-H4O2+H[1+],0.000143533229987725
145.04962,C00984,M-H4O2+H[1+],0.000143533229987725
175.06043,C01236,M-HCOOK+H[1+],0.000353533229997538
175.06043,C02076,M-H4O2+H[1+],0.000353533229969116
206.08153,C05660,M+H[1+],0.000353533229969116
267.07371,C00387,M-NH3+H[1+],0.00123353322999264
267.07371,C01762,M-H2O+H[1+],0.00133353323002439
267.07371,C00647,M+H2O+H[1+],0.000366466770003626
98.02336,C00429,M-NH3+H[1+],0.000316466770001966
98.02336,C00049,M-H4O2+H[1+],0.000216466769998647
98.02336,C00402,M-H4O2+H[1+],0.000216466769998647
251.07745,C00212,M-NH3+H[1+],0.00012646676998429
251.07745,C00330,M-NH3+H[1+],0.00012646676998429
251.07745,C00294,M-H2O+H[1+],2.64667700093923e-05
135.04407,C01179,M-HCOOH+H[1+],0.000106466770006364
135.04407,C00642,M-H2O+H[1+],9.35332300002756e-05
135.04407,C04043,M-H2O+H[1+],9.35332300002756e-05
135.04407,C05350,M-HCOOH+H[1+],0.000106466770006364
135.04407,C05576,M-H4O2+H[1+],9.35332300002756e-05
135.04407,C05852,M-H2O+H[1+],9.35332300002756e-05
172.06071,C00624,M-H2O+H[1+],0.00033353322999119
172.06071,C00632,M+H2O+H[1+],0.00023353322998787
214.0581,C00327,M+K[1+],0.0003764667700068
248.05622,C00647,M[1+],2.00000000063483e-05
235.08184,C00559,M-NH3+H[1+],0.000736466770007382
235.08184,C05512,M-H2O+H[1+],0.000736466770007382
224.09251,C01132,M(S34)+H[1+],0.000466466770006946
224.09251,C00140,M(S34)+H[1+],0.000466466770006946
224.09251,C00645,M(S34)+H[1+],0.000466466770006946
224.09251,C05660,M+H2O+H[1+],0.000733533229976047
152.07069,C00534,M-NH3+H[1+],1.35332300033042e-05
152.07069,C00355,M-HCOOH+H[1+],1.35332300033042e-05
152.07069,C00547,M-H2O+H[1+],0.000113533230006624
152.07069,C00822,M-CO2+H[1+],1.35332300033042e-05
152.07069,C00314,M-H2O+H[1+],0.000113533230006624
121.06467,C00483,M-NH3+H[1+],0.000206466769995473
121.06467,C00601,M+H[1+],0.000106466769992153
121.06467,C05581,M-HCOOH+H[1+],0.000206466769967051
121.06467,C00166,M-CO2+H[1+],0.000106466769992153
121.06467,C02763,M-CO2+H[1+],0.000106466769992153
156.06547,C00108,M+H2O+H[1+],0.000106466770006364
156.06547,C00847,M-CO+H[1+],6.46677000304408e-06
187.09688,C06459,M+H2O+H[1+],3.53322997170835e-06
187.09688,C00670,M-C3H4O2+H[1+],0.00010353323000345
197.04493,C00191,M(S34)+H[1+],0.000846466770013876
197.04493,C00618,M(S34)+H[1+],0.000846466770013876
179.03417,C00822,M-NH3+H[1+],0.000193533229975174
160.03951,C03287,M-HCOONa+H[1+],0.00013353322998455
160.03951,C00822,M-H4O2+H[1+],0.00023353322998787
201.04029,C01036,M+H[1+],0.000913533229976338
201.04029,C01061,M+H[1+],0.000913533229976338
208.96054,C00111,M+K[1+],0.000236466769990784
208.96054,C00118,M+K[1+],0.000236466769990784
269.24879,C02165,M-HCOONa+H[1+],0.00118646677003653
269.24879,C05356,M-HCOONa+H[1+],0.00118646677003653
269.24879,C05965,M-HCOONa+H[1+],0.00118646677003653
269.24879,C05966,M-HCOONa+H[1+],0.00118646677003653
269.24879,C14781,M-HCOONa+H[1+],0.00118646677003653
269.24879,C14808,M-HCOONa+H[1+],0.00118646677003653
269.24879,C14810,M-HCOONa+H[1+],0.00118646677003653
269.24879,C14812,M-HCOONa+H[1+],0.00118646677003653
269.24879,C14813,M-HCOONa+H[1+],0.00118646677003653
269.24879,C14823,M-HCOONa+H[1+],0.00118646677003653
269.24879,C04717,M-CO2+H[1+],0.0012135332299863
116.0494,C05637,M-HCOOH+H[1+],0.000176466769971739
116.0494,C05639,M-HCOOH+H[1+],0.000176466769971739
267.12379,C00378,M(C13)+H[1+],0.000813533229973018
231.12319,C00670,M-CO+H[1+],0.000313533230013263
216.08766,C21015,M-NH3+H[1+],0.000983533229998557
216.08766,C00559,M-H4O2+H[1+],0.000216466770012858
216.08766,C00355,M+H2O+H[1+],0.000983533229970135
168.0423,C16614,M(C13)+H[1+],0.000323533230016437
168.0423,C00544,M[1+],0
168.0423,C00408,M+K[1+],0.000523533229994655
168.0423,C05936,M+K[1+],0.000523533229994655
168.0423,C01161,M[1+],0
168.0423,C05577,M[1+],0
186.11278,C05475,M+H+Na[2+],0.000546466770003917
186.11278,C05478,M+H+Na[2+],0.000546466770003917
186.11278,C05487,M+H+Na[2+],0.000546466770003917
186.11278,C05587,M+H2O+H[1+],0.000303533229953246
270.09849,C14556,M(C13)+H[1+],0.000986466769973049
270.09849,C14849,M(C13)+H[1+],0.000986466769973049
270.09849,C14850,M(C13)+H[1+],0.000986466769973049
270.09849,C14851,M(C13)+H[1+],0.000986466769973049
153.05473,C00547,M-NH3+H[1+],5.3533229987579e-05
153.05473,C00642,M+H[1+],0.000153533229990899
153.05473,C04043,M+H[1+],0.000153533229990899
153.05473,C05852,M+H[1+],0.000153533229990899
153.05473,C00314,M-NH3+H[1+],5.3533229987579e-05
153.05473,C01179,M-CO+H[1+],0.000153533229990899
153.05473,C05350,M-CO+H[1+],0.000153533229990899
153.05473,C05576,M-H2O+H[1+],0.00015353323001932
153.05473,C05584,M-HCOOH+H[1+],5.35332300160007e-05
161.05989,C03012,M+H[1+],0.000213533229981522
161.05989,C01107,M-HCOONa+H[1+],0.000113533229978202
257.11461,C01571,M+HCOOK[1+],0.000266466769971885
165.05473,C00082,M-NH3+H[1+],5.3533229987579e-05
165.05473,C00166,M+H[1+],0.000153533229990899
165.05473,C02763,M+H[1+],0.000153533229990899
165.05473,C01068,M-HCOONa+H[1+],5.35332300160007e-05
165.05473,C05582,M-H2O+H[1+],0.00015353323001932
165.05473,C05583,M-H2O+H[1+],0.00015353323001932
257.09309,C16582,M(S34)+H[1+],0.000286466769978233
257.09309,C16584,M(S34)+H[1+],0.000286466769978233
123.03149,C05379,M-HCOONa+H[1+],0.000213533229995733
123.03149,C02291,M+H+Na[2+],0.000486466769984872
123.03149,C00253,M[1+],0.000509999999991351
123.03149,C07446,M[1+],0.000509999999991351
96.95865,C05528,M-C3H4O2+H[1+],0.000426466769994249
217.0479,C00103,M-CO2+H[1+],0.000723533230001294
217.0479,C00668,M-CO2+H[1+],0.000723533230001294
217.0479,C01172,M-CO2+H[1+],0.000723533230001294
217.0479,C00275,M-CO2+H[1+],0.000723533230001294
217.0479,C00636,M-CO2+H[1+],0.000723533230001294
217.0479,C01094,M-CO2+H[1+],0.000723533230001294
217.0479,C02985,M-CO+H[1+],0.000823533230004614
217.0479,C00085,M-CO2+H[1+],0.000723533230001294
217.0479,C00446,M-CO2+H[1+],0.000723533230001294
217.0479,C01097,M-CO2+H[1+],0.000723533230001294
217.0479,C00092,M-CO2+H[1+],0.000723533230001294
217.0479,C03862,M-CO2+H[1+],0.000705007229981902
217.0479,C04006,M-CO2+H[1+],0.000723533230001294
217.0479,C01177,M-CO2+H[1+],0.000723533230001294
217.0479,C03546,M-CO2+H[1+],0.000723533230001294
183.0919,C00978,M-H4O2+H[1+],0.000323533229988016
141.01563,C00042,M+Na[1+],0.00024646677002238
141.01563,C02170,M+Na[1+],0.00024646677002238
141.01563,C00546,M+HCOONa[1+],0.00014646677001906
140.06191,C07054,M(S34)+H[1+],6.64667699936672e-05
184.99073,C05689,M(C13)+H[1+],0.00015353323001932
184.99073,C05698,M(C13)+H[1+],0.00015353323001932
158.06013,C00331,M-HCOOH+H[1+],5.3533229987579e-05
158.06013,C00954,M-H2O+H[1+],0.000153533229990899
158.06013,C05634,M-H2O+H[1+],0.000153533229990899
158.06013,C16587,M-H4O2+H[1+],0.000153533229962477
158.06013,C16595,M-H4O2+H[1+],0.000153533229962477
111.00751,C00026,M-H4O2+H[1+],6.6466770007878e-05
150.05494,C05578,M+H[1+],3.64667700125665e-05
150.05494,C00822,M-HCOOH+H[1+],0.000136466770015886
150.05494,C01693,M-CO2+H[1+],3.64667700125665e-05
150.05494,C04185,M-CO2+H[1+],3.64667700125665e-05
150.05494,C00250,M-H2O+H[1+],6.35332299907532e-05
153.05481,C00547,M-NH3+H[1+],0.00013353322998455
153.05481,C00642,M+H[1+],0.00023353322998787
153.05481,C04043,M+H[1+],0.00023353322998787
153.05481,C05852,M+H[1+],0.00023353322998787
153.05481,C00314,M-NH3+H[1+],0.00013353322998455
153.05481,C01179,M-CO+H[1+],0.00023353322998787
153.05481,C05350,M-CO+H[1+],0.00023353322998787
153.05481,C05576,M-H2O+H[1+],0.000233533230016292
153.05481,C05584,M-HCOOH+H[1+],0.000133533230012972
135.0440319,C01179,M-HCOOH+H[1+],0.000144566770018173
135.0440319,C00642,M-H2O+H[1+],5.54332299884663e-05
135.0440319,C04043,M-H2O+H[1+],5.54332299884663e-05
135.0440319,C05350,M-HCOOH+H[1+],0.000144566770018173
135.0440319,C05576,M-H4O2+H[1+],5.54332299884663e-05
135.0440319,C05852,M-H2O+H[1+],5.54332299884663e-05
254.10048,C07496,M(C13)+H[1+],9.64667700031896e-05
254.10048,C16601,M(C13)+H[1+],9.64667700031896e-05
254.10048,C16602,M(C13)+H[1+],9.64667700031896e-05
254.10048,C05401,M[1+],0.000280000000003611
203.05592,C05580,M+H2O+H[1+],0.000843533229954119
214.07071,C00822,M+H2O+H[1+],0.000366466770032048
181.08617,C05588,M-NH3+H[1+],0.000193533230003595
181.08617,C06205,M+H2O+H[1+],0.000193533230003595
236.09589,C06868,M[1+],0.000889999999998281
200.09223,C00082,M+H2O+H[1+],0.000453533229972436
243.07836,C04242,M-HCOOK+H[1+],0.000883533229995237
111.08031,C01176,M+3H[3+],0.000133133436662547
111.08031,C03205,M+3H[3+],0.000133133436662547
111.08031,C05498,M+3H[3+],0.000133133436662547
158.08122,C00437,M-NH3+H[1+],4.35332299844049e-05
200.09219,C00082,M+H2O+H[1+],0.000413533229959739
241.21683,C06081,M+H2O+H[1+],0.000588079229970617
241.21683,C04717,M-C3H4O2+H[1+],0.000553533229975756
169.07615,C00078,M-H4O2+H[1+],0.000173533229997247
141.01578,C00042,M+Na[1+],9.64667700031896e-05
141.01578,C02170,M+Na[1+],9.64667700031896e-05
141.01578,C00546,M+HCOONa[1+],3.53323000013006e-06
139.05806,C00108,M(C13)+H[1+],0.000316466769987755
233.06674,C00437,M+NaCl[1+],0.000463533230004032
233.06674,C00294,M-H4O2+H[1+],0.000136466770015886
187.03684,C00117,M-CO2+H[1+],0.000163533229994073
187.03684,C00199,M-CO2+H[1+],0.000163533229994073
187.03684,C00231,M-CO2+H[1+],0.000163533229994073
187.03684,C00620,M-CO2+H[1+],0.000163533229994073
187.03684,C00672,M-CO+H[1+],0.000363533230000712
187.03684,C00673,M-CO+H[1+],0.000363533230000712
187.03684,C01068,M-HCOOH+H[1+],0.000163533230022495
187.03684,C00166,M+Na[1+],0.000263533229997392
187.03684,C02763,M+Na[1+],0.000263533229997392
187.03684,C00418,M+K[1+],0.000463533230004032
248.09278,C05642,M-NH3+H[1+],0.0010035332300049
117.05463,C00141,M+H[1+],5.35332300017899e-05
117.05463,C00279,M-HCOOK+H[1+],5.35332300017899e-05
117.05463,C01801,M-H2O+H[1+],5.35332300160007e-05
117.05463,C00379,M-H4O2+H[1+],5.35332300017899e-05
117.05463,C00532,M-H4O2+H[1+],5.35332300017899e-05
117.05463,C03827,M-HCOOH+H[1+],4.64667699731081e-05
117.05463,C00322,M-CO2+H[1+],4.64667700015298e-05
99.04382,C00148,M-NH3+H[1+],0.000256466769997132
99.04382,C00763,M-NH3+H[1+],0.000256466769997132
99.04382,C01801,M-H4O2+H[1+],0.000156466769993813
99.04382,C00141,M-H2O+H[1+],0.000156466770008024
99.04382,C05576,M-C3H4O2+H[1+],0.000256466769982922
214.10801,C16586,M+H2O+H[1+],0.000633533230001149
239.20135,C03461,M+H2O+H[1+],0.000773533229960321
107.04896,C00642,M-HCOOH+H[1+],0.000216466769998647
107.04896,C04043,M-HCOOH+H[1+],0.000216466769998647
107.04896,C05852,M-HCOOH+H[1+],0.000216466769998647
212.03251,C03090,M-H2O+H[1+],0.000733533230004468
212.03251,C00450,M+HCOOK[1+],0.000633533230001149
212.03251,C14800,M+Na[1+],0.000633533230001149
212.03251,C14802,M+Na[1+],0.000633533230001149
180.06567,C00355,M-H2O+H[1+],0.000193533230003595
180.06567,C01252,M-CO+H[1+],0.000193533230003595
180.06567,C05637,M+H2O+H[1+],9.35332300002756e-05
180.06567,C05639,M+H2O+H[1+],9.35332300002756e-05
180.06567,C05645,M-CO2+H[1+],9.35332300002756e-05
180.06567,C14801,M-CO+H[1+],0.000193533230003595
213.11253,C00670,M-HCOOH+H[1+],5.35332300160007e-05
265.21734,C02165,M-C3H4O2+H[1+],0.00106353322996711
265.21734,C05356,M-C3H4O2+H[1+],0.00106353322996711
265.21734,C05965,M-C3H4O2+H[1+],0.00106353322996711
265.21734,C05966,M-C3H4O2+H[1+],0.00106353322996711
265.21734,C14781,M-C3H4O2+H[1+],0.00106353322996711
265.21734,C14808,M-C3H4O2+H[1+],0.00106353322996711
265.21734,C14810,M-C3H4O2+H[1+],0.00106353322996711
265.21734,C14812,M-C3H4O2+H[1+],0.00106353322996711
265.21734,C14813,M-C3H4O2+H[1+],0.00106353322996711
265.21734,C14823,M-C3H4O2+H[1+],0.00106353322996711
213.09196,C01674,M+2H[2+],3.35332299812308e-05
228.06964,C00120,M-NH3+H[1+],0.000663533229982249
202.10713,C00788,M+H2O+H[1+],0.000246466769993958
202.10713,C05589,M+H2O+H[1+],0.000246466769993958
202.10713,C00864,M-H2O+H[1+],0.000246466769993958
215.09225,C01149,M+HCOOK[1+],0.000473533230007206
174.95536,C14453,M(S34)+H[1+],0.000116466770009538
174.95536,C14839,M(S34)+H[1+],0.000116466770009538
174.95536,C14840,M(S34)+H[1+],0.000116466770009538
245.093,C00214,M(S34)+H[1+],0.000376466770035222
151.00269,C03722,M-NH3+H[1+],1.35332300033042e-05
151.00269,C02514,M-H4O2+H[1+],0.000213533229981522
229.08277,C00526,M+H[1+],0.000893533229998411
229.08277,C06423,M+HCOOK[1+],0.00080646677000118
229.08277,C07185,M+HCOOK[1+],0.00080646677000118
240.13205,C05341,M+Na[1+],0.000173533229997247
132.04438,C05578,M-H2O+H[1+],3.53323000013006e-06
132.04438,C00331,M-C3H4O2+H[1+],3.53322997170835e-06
132.04438,C00250,M-H4O2+H[1+],0.000103533229975028
247.00364,C15606,M+HCOOK[1+],3.64667700125665e-05
186.11277,C05475,M+H+Na[2+],0.00055646676997867
186.11277,C05478,M+H+Na[2+],0.00055646676997867
186.11277,C05487,M+H+Na[2+],0.00055646676997867
186.11277,C05587,M+H2O+H[1+],0.000293533229978493
121.06475,C00483,M-NH3+H[1+],0.000126466769998501
121.06475,C00601,M+H[1+],2.64667699951815e-05
121.06475,C05581,M-HCOOH+H[1+],0.000126466769970079
121.06475,C00166,M-CO2+H[1+],2.64667699951815e-05
121.06475,C02763,M-CO2+H[1+],2.64667699951815e-05
